timestamp,tweet_text,retweets,likes
2025-03-30 11:55:11+00:00,"Based Morning fam🔵

@base stands 
@base remains 
Believe in @base 
https://t.co/B5UgR7ssil https://t.co/pIsjHumD1d",0,0
2025-03-30 11:49:46+00:00,"@base is for crafters

@zora 

https://t.co/FHTB4rgnyP",0,0
2025-03-30 11:22:29+00:00,"just coined another brick in the Base on @zora

https://t.co/MmkKMDBiSn",0,4
2025-03-30 11:16:12+00:00,"I coined my piece MIRAGE on @zora!
This is one of the four pieces I had on exhibition during last year's edition of the Borno Book and Arts Festival.

https://t.co/AhELAd2vIb

 #bobafest https://t.co/fd8UqGMBla",1,5
2025-03-30 11:10:59+00:00,Trade 20180611_201005 https://t.co/UNba7XbgFD,0,0
2025-03-30 10:55:11+00:00,"@_ChrisOketch @base @zora @jessepollak @__iamcharis @kokocodes @DefiDevrel @basedkabeer @natago @0xAneri Coined this 

https://t.co/Ij5bUvFMiA",0,2
2025-03-30 10:53:23+00:00,"The onchain future is here, and $ENB is leading the charge! 🚀💙 Want to know why this token is a game-changer for Base and beyond? Keep reading! 👇

Coined on Zora 
https://t.co/guRDfwLUCW https://t.co/OXBAu2x85e",1,5
2025-03-30 10:42:39+00:00,"BM if you’re building on @base 

My art Coined on Zora https://t.co/0RrW3yblpB? https://t.co/epcWMFi5kv",13,31
2025-03-30 10:36:05+00:00,"@js_horne @zora @pavtalk Happy Eid-el-Fitr 
Coin this on Zora 

https://t.co/pRpowqI2Im",0,0
2025-03-30 10:35:47+00:00,"@zora Happy Eid-el-Fitr 
Coin this on Zora 

https://t.co/pRpowqI2Im",0,0
2025-03-30 10:34:55+00:00,"Trade $Toby, Ascending Flow
https://t.co/9oamnhSpje",0,0
2025-03-30 10:31:35+00:00,"Base is for everything 
https://t.co/SwbYfC2Mrg https://t.co/gM4NAfBkTL",0,6
2025-03-30 10:28:14+00:00,"@yunglee79 Happy Eid-el-Fitr 
Coin this on Zora 

https://t.co/pRpowqI2Im",0,0
2025-03-30 10:26:39+00:00,"@Cristiano Happy Eid-el-Fitr

Coin this on Zora

https://t.co/pRpowqI2Im",0,1
2025-03-30 10:22:13+00:00,"@END_mO_1 @base @based_mena @baseafricaa Coin it on zora
Link in comment",0,0
2025-03-30 10:21:42+00:00,"@opensea What do you think guys about my creation/coin?

https://t.co/plRypt0kPR",0,0
2025-03-30 10:20:14+00:00,"#ENB #Everybodyneedsbase
@nextbridgeafric @kokocodes @defiboyszn
I coin this 

https://t.co/OztEJFoI1T",0,1
2025-03-30 10:19:06+00:00,"Coin it on @zora 

https://t.co/X8guDDsuL3",0,1
2025-03-30 10:18:29+00:00,"@zora What do you thimk about mine?
https://t.co/plRypt0kPR",0,0
2025-03-30 10:04:14+00:00,"Weekends are for @base'd builders!

A Through back to Base Around the World, Nairobi edition 💙
Coined on @zora 

Cc : @jessepollak @__iamcharis @kokocodes
@DefiDevrel @basedkabeer @natago @0xAneri 
https://t.co/yOck2zaMYJ",3,17
2025-03-30 10:02:20+00:00,"@Mercurissss @base @BasedApeGang Bm @Mercurissss 
Let's connect.
I'm builder and content creator on @base network and don't forget 
Stay always @base'd as @BasedApeGang 
https://t.co/XppMT42Ttn",0,0
2025-03-30 10:01:03+00:00,Trade Are you ready? https://t.co/IPKDdAO5PP,0,0
2025-03-30 09:51:29+00:00,"Don’t be scared of your past mistakes, is time to build in $Public
Ca: 0x3a1609cebe67c1d303954b5fb907bef36213034b 

https://t.co/tSGWm0FRlk

@bigvibessss",0,0
2025-03-30 09:43:19+00:00,"@b3dotfun @bsmntdotfun @Farcade_AI @Rosebud_AI @Replit I'm stuck on integrating coins-SDK by @zora into CH3SS &gt;_&lt;

Zora: ""everything is coins we are all coins the universe is coins""

Me: Tokenize Every Chess Move as a Coin
On-chain permanence
Micro-tokenization
Art-as-ledger

Also me: wat is blookchain?

@bsmntdotfun buildinginpublic",1,1
2025-03-30 09:38:58+00:00,"@navid_rajaei @zora @base Bm navy, Coin it",0,1
2025-03-30 09:37:49+00:00,@aGim_asf @zora @base Create on @Base coin on @zora,0,1
2025-03-30 09:35:20+00:00,"Coined on zora:

https://t.co/vRfC1Iwb8L",0,1
2025-03-30 09:35:19+00:00,"@MayorKingAI ""I am utterly disgusted."" – jonCates self-reflexive #AI Art as #memecoin (2025) 
https://t.co/xlBsX4v99d https://t.co/Em8f7DKTTx",0,2
2025-03-30 09:30:54+00:00,"Last Night's dinner Sponsored By @zora 
Build On @base, Coin On @zora 

BM OᑎᑕᕼᗩIᑎ🥂 https://t.co/i3TkKeimJc",2,19
2025-03-30 09:27:46+00:00,"Warming up Zora! Day No. 78
Trade How so? https://t.co/gnIT2633DX",0,6
2025-03-30 09:17:51+00:00,"ALL WE NEED IS BASE 🔵

https://t.co/R6WB6wetBt https://t.co/gGxuwFkJYD",0,1
2025-03-30 08:50:46+00:00,Trade How to Boost https://t.co/NQKK68SBiU,0,0
2025-03-30 08:49:22+00:00,"@Coin_Archaic @MrBossMan90 @mufc_mrself @EngrBjnr @ChefChelz @unrulyzeee @EverythingOnXX @huo_main @abena_yao @Obasi_C_J @zora_254 @LimitlessA219 

Done ✔️ 👍 

Follow back",0,0
2025-03-30 08:45:04+00:00,"Coin your posts here.
https://t.co/U95l39xuwN",0,1
2025-03-30 08:40:07+00:00,Trade SUNG JIN WOO https://t.co/wZhHi5qu24,0,0
2025-03-30 08:31:28+00:00,"Trade We need more compute, right? https://t.co/2rf4kQZQNB",0,0
2025-03-30 08:11:15+00:00,"Some things don’t need explaining. @base is for everyone. It’s that simple. Done

https://t.co/sKDmSuprfl https://t.co/KpnQN8zGGC",12,24
2025-03-30 08:10:59+00:00,@js_horne So like every coin on zora then?,0,0
2025-03-30 08:06:32+00:00,"Buy the- THE CIA IS A WONDERFUL ORGANIZATION NFT TODAY!!!!!
#NFTCommunity #nft #meme #memes https://t.co/QaLGYKZLmC https://t.co/LOQlER2KVY",0,1
2025-03-30 08:04:59+00:00,"Hi everyone!!! my first ever NFT ever i made pls buy. https://t.co/QaLGYKZLmC
#NFT #NFTs #NFTCommunity #NFTartist #CIA #MEME #meme #MEMES #NFTSales",0,1
2025-03-30 07:34:30+00:00,You can coin but you won't be able to mint on zora.,0,0
2025-03-30 07:30:50+00:00,"Trade 1000074557 https://t.co/c2lvODzKXs 
@sharafi_eth 
@base 
@zora 
@based https://t.co/bOtvIsimUn",0,1
2025-03-30 07:27:38+00:00,"You know it when you see it ©
13
Just dropped this new NFT on https://t.co/h3HMtppdWV
Take a look
#NFT #NFTs #zora #NFTartist
#Web3 #NFTCommunity #NFTdrops #cryptoart

https://t.co/KbaJOyRbGp https://t.co/MAKgL3f8D6",0,0
2025-03-30 07:21:19+00:00,Trade Photo a colorful painting https://t.co/7IQkJA4YTM,0,0
2025-03-30 07:19:24+00:00,"Yayyy, I just joined ⁦@zora⁩ this is my first post.

Zora link in the comment section👇 https://t.co/BcEhBJw6H9",0,1
2025-03-30 06:52:53+00:00,Trade 1 https://t.co/LeiD2Zdy6t,0,0
2025-03-30 06:50:49+00:00,Trade Raging Bull https://t.co/Z1bF6Q6qwR,0,0
2025-03-30 06:48:33+00:00,"Trade $13  https://t.co/Po7WfIsn4L 
#zora",0,0
2025-03-30 06:30:56+00:00,Trade photo_2025-03-20_12-08-23 https://t.co/kG27xWoUVc,0,0
2025-03-30 06:30:06+00:00,"Based Guy 🔵

https://t.co/szaTmEgbUH https://t.co/fHFADli5aZ",0,1
2025-03-30 05:48:13+00:00,Trade 1743306347328 https://t.co/SzX08rdRv0,0,1
2025-03-30 05:16:51+00:00,Back it! https://t.co/ct57rVtAEB #nft,0,1
2025-03-30 05:08:26+00:00,"Coined on ZORA 💙🔥

https://t.co/VMkBV299J1",0,0
2025-03-30 04:35:01+00:00,Original #NFT #trending #africanart  https://t.co/MP3fVABYWW,0,1
2025-03-30 04:21:47+00:00,"@aGim_asf @zora @base Build on @base
Coin it on @zora !🫡",0,1
2025-03-30 04:07:33+00:00,"Trade Relic of the Chain #001  https://t.co/qOxne9cd7R A relic from the silent layer of the chain.  
Now live. Mint before it vanishes.  
https://t.co/zziiKVjqVR...
#onchain #memetics #zora #base #digitalrelic",0,0
2025-03-30 03:59:17+00:00,Trade Expo in NY  https://t.co/mEBRAK2HYN,0,0
2025-03-30 03:59:15+00:00,Trade Expo in NY  https://t.co/axNejYklLp,0,0
2025-03-30 03:59:11+00:00,Trade expo in NY  https://t.co/7JAr21vuJ6,0,0
2025-03-30 03:06:35+00:00,"✨Boost any coin with Coinboost ✨

~&gt; Today I made a video about Coinboost on Zora, enjoy it

💁Boost it at https://t.co/F9XO7zLPoL

👉test here: https://t.co/g5xSleap1q https://t.co/HPUsO0vNc3 https://t.co/loDn6dGlEv",0,2
2025-03-30 02:58:38+00:00,Trade Captain down bad 4K https://t.co/83gANA0pJq https://t.co/vQpdLmjSXB,0,0
2025-03-30 02:56:34+00:00,"coined on Zora
https://t.co/icIUUbySTk",0,0
2025-03-30 02:53:08+00:00,"Trade Spez, the sperm who survived without ever reaching the egg.  

https://t.co/p45LWzdLYv

#crypto #CryptoPump #Cryptocurrency",0,3
2025-03-30 02:14:35+00:00,"USA Coin $UUC to arrive at this moment, see my mother joyful and content.

🫵 https://t.co/5kU4tHAG7s

@NFTDoctor33 @michocodu13 @GreenSkyNFT @corporatmous @seankelly25 @EroAwardBTC @Memecoin_Quant @zora_io  #JDRAy6n",0,0
2025-03-30 02:04:10+00:00,"@base is light
@base is light
@base is light
@base is light 
@base is light

https://t.co/KUWhXI9SAt https://t.co/9EFmDtll0B",0,6
2025-03-30 01:37:06+00:00,@kryptopunkz_NFT @jessepollak @base @opensea Coin this on @zora,0,3
2025-03-30 01:31:01+00:00,The Bear #NFT #ETH #Zora #Base  https://t.co/TNBtdNIuR8,0,2
2025-03-30 01:27:46+00:00,"@EmirOfAfrica @zora @base @OnomeofWeb3 @Astronuelofweb3 @__iamcharis @Jessepollack @ekeson @Only1Gkash Love to see your journey unfold, Getting into @zora and @base with such solid guides is a blessing.

Congrats on your first coin King",0,5
2025-03-30 01:24:55+00:00,"https://t.co/Wqu6KBoKrU
🚀 Uniswap x Base: Uniswap is live on @base, making onchain swaps cheaper, faster &amp; more accessible.
🔹 Low fees, instant swaps
🔹 Scalable Ethereum L2
🔹 Built for mass adoptions
Start trading today
@baseafricaa
#CoinYourCreativity @Uniswap #Onchain @zora",0,0
2025-03-30 01:09:14+00:00,"#CoinYourCreativity25
https://t.co/zetFHhaask
Join the movement—connect, create and thrive on Base.
BaseConnect is revolutionizing how creators, developers &amp; communities interact onchain. Built on Base, it is a sleek and low-cost platform @baseafricaa @base @JessePollaka @zora",0,0
2025-03-30 01:04:59+00:00,"cop a coin on @zora so i can buy more of these ""I Jollibee Canada"" shirts pls 🫶

https://t.co/tww2MH1Wma",0,0
2025-03-30 01:04:10+00:00,"@baseafricaa @base @CoinbaseWallet @zora @BasedIndia @JessePollaka @ethereum Thank you so much for the tip. I got you!!
https://t.co/zetFHhaask

#CoinYourCreativity25",0,0
2025-03-30 01:03:00+00:00,"🟠🔴🟠🟠

😍New Drop 😍

🎭 Echoes of Elegance 🎭   

on @zora 

https://t.co/JhE13qk1kJ

#NFT_Shill
#HeleDs 
#Zora
#ETH 
#Base 
#BaseChain
#Orange 
#digitalart 
#aiart
#Aiartist
#NFTartist 
#NFTCollection 
#NFTartist 
#womeninmalefields 
#women https://t.co/EDyZR7Y09i",0,0
2025-03-30 00:51:27+00:00,Today I touched grass 🙏🏽 and coined it @zora https://t.co/qc3B4qBokM,0,1
2025-03-30 00:50:43+00:00,"🚨Its official!! 😎🤣 @zora
@base 
I AM A👇https://t.co/9ZkojfYAsc
All true ZORA addicts—this isn’t just art, it’s a statement of Web3 innovation and blockchain passion. Whether you're coining, collecting, or flipping, join me,wear the ZORA COIN JUNKY title with pride. #zoracoin",0,0
2025-03-30 00:50:29+00:00,"@gaiaaiagent @zora https://t.co/4AoGUiHYkG
Please coin this on @zora @gaiaaiagent",0,0
2025-03-30 00:41:55+00:00,"Totally wasn't just testing out a new contract that went straight to mint 😆 what happened to @zora lol

JUST (TEXT)

https://t.co/MQcCQPv6jY https://t.co/waeVI1aUmX",0,1
2025-03-30 00:35:45+00:00,"&lt;p&gt;Toby World&lt;/p&gt;

https://t.co/w3Ji0Ir87l",0,0
2025-03-30 00:34:35+00:00,"Posted my very first artwork on @zora 🔵

IN BASE WE TRUST @base 💙

Head over and check it out ! ⬇️
Much appreciated 💙

https://t.co/wXGKYReH6U",2,6
2025-03-30 00:18:31+00:00,"BM chads 🟦

https://t.co/cSpJBbozHx",0,13
2025-03-30 00:01:01+00:00,"Yo @OpenledgerHQ is building a whole new world for AI! Imagine a place where data models and money all flow in a fair and transparent cycle everything is in your control🍁🔥(1/2)👇🏻

https://t.co/d3p9XO33kz",0,11
2025-03-29 23:33:22+00:00,"Blue for Base on @Zora 💙

Check it out 😎

https://t.co/3Hw4c7m4ec",2,15
2025-03-29 23:20:04+00:00,"Coined this on @zora @jessepollak

https://t.co/TiPoz0o8PQ",0,2
2025-03-29 23:18:21+00:00,@unich_com @zora all this coin will be like i don't want to be late,0,0
2025-03-29 23:10:45+00:00,"https://t.co/tQyMUWhw5j
Clip released exclusively on @zora 
Am @base 
Am $DRB and $BNKR
Hope you appreciate the beat @rachelwilkinsb",0,2
2025-03-29 23:09:00+00:00,"Exclusive clip release on @zora done
Check it out

https://t.co/tQyMUWhw5j https://t.co/dWXYV4Dm5k",0,0
2025-03-29 23:05:44+00:00,"New post on zora
Link: https://t.co/LxvN8tfeve
@zora 
@sharafi_eth 
#ZORA 
#NFTs 
#nft 
#crypto 
#web3",0,2
2025-03-29 22:30:02+00:00,"Coined ""Ray of Hope"" on @zora because this is definitely a @sign to keep grinding and be @base -d at all time like my boss @Only1Gkash #TrustTheProcess #SIGN_challenge 
https://t.co/PpSgdledxn",0,0
2025-03-29 22:28:29+00:00,@CFCFico @MrBeast Coined https://t.co/6shHUvQsLW,0,0
2025-03-29 22:20:27+00:00,"@MrBeast Coined. 

https://t.co/Avxn49kVq9",0,0
2025-03-29 22:18:54+00:00,"@AshtonHallofc @MrBeast Coined.

https://t.co/Avxn49kVq9",0,1
2025-03-29 22:10:01+00:00,"Day 8 
Missed yesterday 
https://t.co/wBentzqiwF https://t.co/kqU16kBD8X",0,0
2025-03-29 22:01:20+00:00,"Day #12 on @zora:
https://t.co/09DwaEkwOt",1,5
2025-03-29 21:54:14+00:00,"Ghost Glitch - ""Everything is a coin now. Clank Clank.""
@zora @clankeronbase @_proxystudio @base 
Link below⏬ https://t.co/GprI8j582D",4,4
2025-03-29 21:44:33+00:00,"https://t.co/PZW49R3CD2 
Saw this on Facebook,I took it a long time ago. Coined in Zora.✨",0,0
2025-03-29 21:43:31+00:00,"https://t.co/lIrWo3svpM 
Started Zora and I've decided to coin my photographic skills there.✨",0,0
2025-03-29 21:31:12+00:00,Trade Horse high boost to rainbow clowds https://t.co/76j9DySgcy https://t.co/jFOdCoS3p6,0,1
2025-03-29 21:26:34+00:00,"As a @spicenetio ambassador...while solving the puzzle of what to cook for the week

I decided to take some shots 😁

I loved this one...and I left it onchain 🌱

https://t.co/auH6D9hSNg",0,4
2025-03-29 21:22:01+00:00,"@0xMerp Take a picture 
Coin it on Zora
Cast the link on /Zora channel on farcaster 
Get paid 20 to 80 $OP tokens 
Swap them to USDT
Go degen on perps 
1) wait for Ethereum price to go up
2) open a 50x short position
3) rinse, repeat
👾",0,1
2025-03-29 21:13:52+00:00,@Coin_Archaic @MrBossMan90 @mufc_mrself @EngrBjnr @ChefChelz @unrulyzeee @EverythingOnXX @huo_main @abena_yao @Obasi_C_J @zora_254 Connected,0,1
